date,meantemp
01-01-2018,14.47
02-01-2018,14.0
03-01-2018,15.58
04-01-2018,14.55
05-01-2018,13.32
06-01-2018,15.16
07-01-2018,17.1
08-01-2018,16.44
09-01-2018,13.2
10-01-2018,12.13
11-01-2018,13.48
12-01-2018,14.88
13-01-2018,10.21
14-01-2018,14.5
15-01-2018,12.52
16-01-2018,13.62
17-01-2018,14.07
18-01-2018,14.61
19-01-2018,16.15
20-01-2018,17.5
21-01-2018,15.25
22-01-2018,18.33
23-01-2018,14.36
24-01-2018,16.49
25-01-2018,17.7
26-01-2018,16.18
27-01-2018,14.61
28-01-2018,14.36
29-01-2018,15.39
30-01-2018,16.86
31-01-2018,14.51
01-02-2018,16.23
02-02-2018,16.45
03-02-2018,17.97
04-02-2018,17.44
05-02-2018,17.84
06-02-2018,15.95
07-02-2018,17.13
08-02-2018,19.09
09-02-2018,20.64
10-02-2018,15.27
11-02-2018,20.95
12-02-2018,20.75
13-02-2018,19.76
14-02-2018,18.87
15-02-2018,17.85
16-02-2018,21.54
17-02-2018,22.69
18-02-2018,22.52
19-02-2018,21.7
20-02-2018,19.93
21-02-2018,16.95
22-02-2018,19.51
23-02-2018,20.99
24-02-2018,17.25
25-02-2018,20.78
26-02-2018,21.01
27-02-2018,21.7
28-02-2018,18.1
01-03-2018,19.3
02-03-2018,19.92
03-03-2018,18.61
04-03-2018,24.6
05-03-2018,20.29
06-03-2018,22.11
07-03-2018,21.1
08-03-2018,24.95
09-03-2018,24.59
10-03-2018,23.39
11-03-2018,17.88
12-03-2018,22.56
13-03-2018,24.0
14-03-2018,24.81
15-03-2018,21.73
16-03-2018,26.78
17-03-2018,20.67
18-03-2018,22.16
19-03-2018,25.53
20-03-2018,23.93
21-03-2018,28.0
22-03-2018,24.55
23-03-2018,23.08
24-03-2018,23.76
25-03-2018,22.51
26-03-2018,22.3
27-03-2018,26.29
28-03-2018,26.36
29-03-2018,27.96
30-03-2018,24.03
31-03-2018,29.09
01-04-2018,25.31
02-04-2018,29.2
03-04-2018,25.35
04-04-2018,24.91
05-04-2018,27.05
06-04-2018,28.78
07-04-2018,27.2
08-04-2018,25.88
09-04-2018,24.53
10-04-2018,24.57
11-04-2018,28.54
12-04-2018,29.67
13-04-2018,27.53
14-04-2018,25.86
15-04-2018,29.92
16-04-2018,25.76
17-04-2018,27.05
18-04-2018,29.87
19-04-2018,24.28
20-04-2018,29.71
21-04-2018,27.92
22-04-2018,29.45
23-04-2018,29.23
24-04-2018,29.93
25-04-2018,31.05
26-04-2018,28.29
27-04-2018,32.79
28-04-2018,31.53
29-04-2018,31.9
30-04-2018,32.68
01-05-2018,32.06
02-05-2018,32.3
03-05-2018,30.89
04-05-2018,28.01
05-05-2018,30.72
06-05-2018,29.57
07-05-2018,28.39
08-05-2018,31.87
09-05-2018,30.33
10-05-2018,29.52
11-05-2018,29.6
12-05-2018,32.34
13-05-2018,32.62
14-05-2018,34.65
15-05-2018,32.08
16-05-2018,34.29
17-05-2018,35.11
18-05-2018,34.7
19-05-2018,27.76
20-05-2018,35.04
21-05-2018,33.35
22-05-2018,33.6
23-05-2018,33.58
24-05-2018,33.68
25-05-2018,33.63
26-05-2018,32.35
27-05-2018,29.33
28-05-2018,32.99
29-05-2018,31.66
30-05-2018,35.5
31-05-2018,32.82
01-06-2018,33.62
02-06-2018,31.81
03-06-2018,32.54
04-06-2018,33.59
05-06-2018,30.68
06-06-2018,34.3
07-06-2018,33.53
08-06-2018,31.41
09-06-2018,29.01
10-06-2018,34.87
11-06-2018,33.28
12-06-2018,32.84
13-06-2018,33.45
14-06-2018,37.57
15-06-2018,33.86
16-06-2018,34.15
17-06-2018,31.01
18-06-2018,37.29
19-06-2018,35.83
20-06-2018,36.13
21-06-2018,34.09
22-06-2018,35.83
23-06-2018,34.73
24-06-2018,35.21
25-06-2018,33.66
26-06-2018,31.0
27-06-2018,35.99
28-06-2018,30.04
29-06-2018,33.41
30-06-2018,33.45
01-07-2018,31.75
02-07-2018,35.02
03-07-2018,33.36
04-07-2018,32.85
05-07-2018,34.72
06-07-2018,32.68
07-07-2018,36.37
08-07-2018,34.24
09-07-2018,32.54
10-07-2018,29.54
11-07-2018,30.76
12-07-2018,35.49
13-07-2018,33.15
14-07-2018,32.61
15-07-2018,36.4
16-07-2018,30.47
17-07-2018,31.79
18-07-2018,31.94
19-07-2018,33.98
20-07-2018,31.4
21-07-2018,31.41
22-07-2018,29.34
23-07-2018,33.92
24-07-2018,33.98
25-07-2018,31.32
26-07-2018,32.5
27-07-2018,29.49
28-07-2018,31.03
29-07-2018,34.62
30-07-2018,32.03
31-07-2018,36.27
01-08-2018,29.96
02-08-2018,32.58
03-08-2018,30.92
04-08-2018,32.32
05-08-2018,31.05
06-08-2018,29.82
07-08-2018,29.08
08-08-2018,36.82
09-08-2018,30.41
10-08-2018,26.4
11-08-2018,29.0
12-08-2018,31.52
13-08-2018,29.03
14-08-2018,32.61
15-08-2018,31.76
16-08-2018,29.31
17-08-2018,28.52
18-08-2018,27.31
19-08-2018,27.78
20-08-2018,26.08
21-08-2018,31.29
22-08-2018,31.91
23-08-2018,26.06
24-08-2018,26.06
25-08-2018,24.73
26-08-2018,26.18
27-08-2018,21.74
28-08-2018,25.51
29-08-2018,30.23
30-08-2018,26.78
31-08-2018,29.02
01-09-2018,26.17
02-09-2018,30.51
03-09-2018,27.22
04-09-2018,25.89
05-09-2018,31.59
06-09-2018,25.67
07-09-2018,23.71
08-09-2018,26.39
09-09-2018,25.74
10-09-2018,27.78
11-09-2018,23.64
12-09-2018,26.92
13-09-2018,26.84
14-09-2018,23.63
15-09-2018,25.12
16-09-2018,22.96
17-09-2018,29.14
18-09-2018,22.87
19-09-2018,23.2
20-09-2018,21.8
21-09-2018,23.07
22-09-2018,23.58
23-09-2018,24.96
24-09-2018,22.03
25-09-2018,22.71
26-09-2018,20.07
27-09-2018,21.08
28-09-2018,28.08
29-09-2018,24.48
30-09-2018,20.66
01-10-2018,19.38
02-10-2018,19.94
03-10-2018,21.68
04-10-2018,21.62
05-10-2018,19.9
06-10-2018,18.65
07-10-2018,23.9
08-10-2018,21.79
09-10-2018,19.98
10-10-2018,20.13
11-10-2018,19.35
12-10-2018,14.37
13-10-2018,20.32
14-10-2018,17.79
15-10-2018,17.77
16-10-2018,18.34
17-10-2018,20.93
18-10-2018,16.97
19-10-2018,16.29
20-10-2018,20.29
21-10-2018,20.37
22-10-2018,16.8
23-10-2018,19.69
24-10-2018,17.84
25-10-2018,18.89
26-10-2018,15.62
27-10-2018,19.67
28-10-2018,20.27
29-10-2018,19.01
30-10-2018,18.72
31-10-2018,9.92
01-11-2018,17.86
02-11-2018,17.16
03-11-2018,16.79
04-11-2018,15.7
05-11-2018,16.95
06-11-2018,17.55
07-11-2018,16.08
08-11-2018,15.56
09-11-2018,18.84
10-11-2018,14.06
11-11-2018,18.22
12-11-2018,16.41
13-11-2018,14.34
14-11-2018,15.27
15-11-2018,13.91
16-11-2018,17.01
17-11-2018,16.26
18-11-2018,14.36
19-11-2018,13.18
20-11-2018,15.9
21-11-2018,17.13
22-11-2018,14.91
23-11-2018,15.89
24-11-2018,14.23
25-11-2018,15.04
26-11-2018,14.25
27-11-2018,15.36
28-11-2018,11.68
29-11-2018,15.93
30-11-2018,14.12
01-12-2018,15.24
02-12-2018,13.79
03-12-2018,15.06
04-12-2018,12.23
05-12-2018,16.71
06-12-2018,10.88
07-12-2018,12.17
08-12-2018,14.68
09-12-2018,17.1
10-12-2018,14.7
11-12-2018,13.62
12-12-2018,11.24
13-12-2018,13.69
14-12-2018,14.01
15-12-2018,17.42
16-12-2018,15.27
17-12-2018,10.95
18-12-2018,18.06
19-12-2018,13.21
20-12-2018,12.24
21-12-2018,16.95
22-12-2018,13.91
23-12-2018,13.28
24-12-2018,14.46
25-12-2018,15.73
26-12-2018,16.04
27-12-2018,11.32
28-12-2018,18.09
29-12-2018,16.01
30-12-2018,13.39
31-12-2018,12.54
01-01-2019,12.32
02-01-2019,14.54
03-01-2019,13.04
04-01-2019,12.85
05-01-2019,16.04
06-01-2019,15.2
07-01-2019,13.73
08-01-2019,16.05
09-01-2019,17.37
10-01-2019,12.51
11-01-2019,13.55
12-01-2019,16.71
13-01-2019,16.33
14-01-2019,15.42
15-01-2019,17.36
16-01-2019,12.94
17-01-2019,12.23
18-01-2019,13.54
19-01-2019,15.6
20-01-2019,13.85
21-01-2019,14.56
22-01-2019,13.68
23-01-2019,14.48
24-01-2019,13.81
25-01-2019,16.65
26-01-2019,17.61
27-01-2019,15.16
28-01-2019,15.82
29-01-2019,15.18
30-01-2019,17.51
31-01-2019,16.74
01-02-2019,19.87
02-02-2019,14.61
03-02-2019,17.64
04-02-2019,17.93
05-02-2019,16.44
06-02-2019,18.46
07-02-2019,14.54
08-02-2019,21.78
09-02-2019,15.0
10-02-2019,19.65
11-02-2019,15.71
12-02-2019,20.39
13-02-2019,17.46
14-02-2019,18.68
15-02-2019,18.62
16-02-2019,20.85
17-02-2019,18.16
18-02-2019,13.01
19-02-2019,17.58
20-02-2019,19.61
21-02-2019,18.52
22-02-2019,21.09
23-02-2019,21.74
24-02-2019,19.57
25-02-2019,17.04
26-02-2019,22.94
27-02-2019,22.5
28-02-2019,19.9
01-03-2019,24.87
02-03-2019,20.12
03-03-2019,18.71
04-03-2019,20.84
05-03-2019,23.47
06-03-2019,19.6
07-03-2019,25.55
08-03-2019,20.02
09-03-2019,23.89
10-03-2019,23.24
11-03-2019,22.01
12-03-2019,24.65
13-03-2019,19.66
14-03-2019,25.54
15-03-2019,22.87
16-03-2019,22.09
17-03-2019,24.84
18-03-2019,25.63
19-03-2019,25.23
20-03-2019,27.86
21-03-2019,26.19
22-03-2019,26.77
23-03-2019,23.29
24-03-2019,24.76
25-03-2019,25.84
26-03-2019,24.85
27-03-2019,25.66
28-03-2019,26.08
29-03-2019,27.09
30-03-2019,25.37
31-03-2019,25.04
01-04-2019,24.25
02-04-2019,24.3
03-04-2019,28.59
04-04-2019,26.25
05-04-2019,28.16
06-04-2019,24.15
07-04-2019,23.04
08-04-2019,24.98
09-04-2019,29.53
10-04-2019,29.54
11-04-2019,28.23
12-04-2019,26.12
13-04-2019,27.62
14-04-2019,27.45
15-04-2019,27.51
16-04-2019,23.34
17-04-2019,26.79
18-04-2019,28.28
19-04-2019,31.85
20-04-2019,29.29
21-04-2019,31.92
22-04-2019,28.47
23-04-2019,28.9
24-04-2019,21.75
25-04-2019,30.62
26-04-2019,30.93
27-04-2019,33.5
28-04-2019,29.14
29-04-2019,30.44
30-04-2019,28.97
01-05-2019,28.16
02-05-2019,29.22
03-05-2019,30.08
04-05-2019,33.61
05-05-2019,31.03
06-05-2019,29.56
07-05-2019,31.55
08-05-2019,31.82
09-05-2019,30.14
10-05-2019,33.9
11-05-2019,27.94
12-05-2019,31.4
13-05-2019,33.27
14-05-2019,29.36
15-05-2019,32.86
16-05-2019,34.83
17-05-2019,33.25
18-05-2019,29.05
19-05-2019,31.07
20-05-2019,35.08
21-05-2019,33.3
22-05-2019,32.77
23-05-2019,33.75
24-05-2019,34.39
25-05-2019,31.61
26-05-2019,32.52
27-05-2019,33.45
28-05-2019,32.15
29-05-2019,33.04
30-05-2019,35.96
31-05-2019,31.49
01-06-2019,37.34
02-06-2019,37.3
03-06-2019,30.16
04-06-2019,33.36
05-06-2019,34.37
06-06-2019,32.21
07-06-2019,32.29
08-06-2019,33.33
09-06-2019,35.32
10-06-2019,32.85
11-06-2019,37.56
12-06-2019,34.51
13-06-2019,33.75
14-06-2019,36.87
15-06-2019,35.24
16-06-2019,34.74
17-06-2019,33.35
18-06-2019,37.65
19-06-2019,35.65
20-06-2019,33.62
21-06-2019,30.87
22-06-2019,34.77
23-06-2019,31.73
24-06-2019,30.58
25-06-2019,33.44
26-06-2019,34.55
27-06-2019,36.53
28-06-2019,34.51
29-06-2019,35.53
30-06-2019,31.44
01-07-2019,33.82
02-07-2019,34.08
03-07-2019,35.52
04-07-2019,33.99
05-07-2019,35.32
06-07-2019,32.66
07-07-2019,34.34
08-07-2019,34.4
09-07-2019,31.02
10-07-2019,33.81
11-07-2019,32.76
12-07-2019,29.53
13-07-2019,35.19
14-07-2019,32.49
15-07-2019,31.44
16-07-2019,32.31
17-07-2019,33.27
18-07-2019,35.93
19-07-2019,32.5
20-07-2019,33.7
21-07-2019,35.42
22-07-2019,33.65
23-07-2019,34.63
24-07-2019,31.44
25-07-2019,33.84
26-07-2019,32.09
27-07-2019,34.25
28-07-2019,29.99
29-07-2019,30.34
30-07-2019,34.33
31-07-2019,31.29
01-08-2019,30.85
02-08-2019,31.61
03-08-2019,29.96
04-08-2019,33.88
05-08-2019,28.6
06-08-2019,30.67
07-08-2019,31.54
08-08-2019,30.51
09-08-2019,28.99
10-08-2019,28.73
11-08-2019,31.18
12-08-2019,28.14
13-08-2019,31.35
14-08-2019,26.87
15-08-2019,28.67
16-08-2019,29.71
17-08-2019,26.99
18-08-2019,30.66
19-08-2019,29.17
20-08-2019,26.99
21-08-2019,25.87
22-08-2019,25.63
23-08-2019,28.71
24-08-2019,26.14
25-08-2019,25.57
26-08-2019,27.68
27-08-2019,32.54
28-08-2019,28.38
29-08-2019,29.19
30-08-2019,27.93
31-08-2019,28.91
01-09-2019,24.49
02-09-2019,26.15
03-09-2019,27.37
04-09-2019,26.65
05-09-2019,26.14
06-09-2019,25.02
07-09-2019,25.67
08-09-2019,24.47
09-09-2019,21.0
10-09-2019,23.29
11-09-2019,26.46
12-09-2019,28.45
13-09-2019,28.79
14-09-2019,25.19
15-09-2019,26.61
16-09-2019,26.47
17-09-2019,23.1
18-09-2019,20.91
19-09-2019,24.2
20-09-2019,20.44
21-09-2019,23.15
22-09-2019,24.84
23-09-2019,20.61
24-09-2019,23.34
25-09-2019,25.59
26-09-2019,23.66
27-09-2019,23.81
28-09-2019,24.41
29-09-2019,25.89
30-09-2019,22.56
01-10-2019,24.54
02-10-2019,21.79
03-10-2019,20.66
04-10-2019,22.21
05-10-2019,20.2
06-10-2019,20.1
07-10-2019,19.87
08-10-2019,16.33
09-10-2019,20.97
10-10-2019,18.07
11-10-2019,20.22
12-10-2019,23.18
13-10-2019,19.07
14-10-2019,18.87
15-10-2019,22.53
16-10-2019,20.74
17-10-2019,21.45
18-10-2019,18.63
19-10-2019,20.69
20-10-2019,17.67
21-10-2019,17.54
22-10-2019,19.94
23-10-2019,17.4
24-10-2019,19.99
25-10-2019,23.1
26-10-2019,14.8
27-10-2019,16.53
28-10-2019,20.14
29-10-2019,17.47
30-10-2019,19.95
31-10-2019,15.48
01-11-2019,18.03
02-11-2019,16.94
03-11-2019,17.4
04-11-2019,17.66
05-11-2019,14.43
06-11-2019,14.6
07-11-2019,19.43
08-11-2019,17.11
09-11-2019,16.62
10-11-2019,16.21
11-11-2019,16.9
12-11-2019,13.77
13-11-2019,13.98
14-11-2019,18.49
15-11-2019,16.08
16-11-2019,17.39
17-11-2019,14.38
18-11-2019,18.26
19-11-2019,16.1
20-11-2019,16.29
21-11-2019,16.34
22-11-2019,13.57
23-11-2019,11.35
24-11-2019,12.86
25-11-2019,18.2
26-11-2019,17.47
27-11-2019,14.1
28-11-2019,14.13
29-11-2019,16.74
30-11-2019,14.28
01-12-2019,11.96
02-12-2019,17.03
03-12-2019,15.41
04-12-2019,9.37
05-12-2019,13.73
06-12-2019,14.6
07-12-2019,15.24
08-12-2019,14.54
09-12-2019,12.93
10-12-2019,13.94
11-12-2019,14.74
12-12-2019,13.59
13-12-2019,13.36
14-12-2019,16.59
15-12-2019,12.17
16-12-2019,13.35
17-12-2019,9.98
18-12-2019,15.12
19-12-2019,15.69
20-12-2019,15.13
21-12-2019,15.87
22-12-2019,14.92
23-12-2019,14.73
24-12-2019,15.0
25-12-2019,13.53
26-12-2019,16.46
27-12-2019,13.41
28-12-2019,11.2
29-12-2019,15.85
30-12-2019,17.88
31-12-2019,12.29
01-01-2020,14.08
02-01-2020,12.95
03-01-2020,13.6
04-01-2020,14.5
05-01-2020,11.97
06-01-2020,13.94
07-01-2020,11.62
08-01-2020,13.47
09-01-2020,12.29
10-01-2020,12.61
11-01-2020,11.35
12-01-2020,17.29
13-01-2020,15.94
14-01-2020,11.16
15-01-2020,13.87
16-01-2020,13.8
17-01-2020,13.84
18-01-2020,12.41
19-01-2020,16.9
20-01-2020,14.68
21-01-2020,16.5
22-01-2020,16.71
23-01-2020,18.5
24-01-2020,12.22
25-01-2020,19.43
26-01-2020,18.59
27-01-2020,17.3
28-01-2020,21.03
29-01-2020,16.78
30-01-2020,18.12
31-01-2020,15.12
01-02-2020,18.98
02-02-2020,17.16
03-02-2020,16.04
04-02-2020,21.3
05-02-2020,16.58
06-02-2020,17.34
07-02-2020,17.05
08-02-2020,16.07
09-02-2020,18.77
10-02-2020,19.32
11-02-2020,18.69
12-02-2020,13.4
13-02-2020,20.27
14-02-2020,17.7
15-02-2020,16.11
16-02-2020,19.89
17-02-2020,19.95
18-02-2020,16.89
19-02-2020,24.07
20-02-2020,16.86
21-02-2020,15.96
22-02-2020,17.27
23-02-2020,22.58
24-02-2020,19.54
25-02-2020,19.3
26-02-2020,20.08
27-02-2020,19.17
28-02-2020,19.15
29-02-2020,19.4
01-03-2020,22.27
02-03-2020,23.05
03-03-2020,19.07
04-03-2020,21.82
05-03-2020,23.08
06-03-2020,19.51
07-03-2020,20.84
08-03-2020,19.93
09-03-2020,19.6
10-03-2020,22.55
11-03-2020,21.05
12-03-2020,23.95
13-03-2020,22.8
14-03-2020,23.85
15-03-2020,22.62
16-03-2020,22.1
17-03-2020,23.36
18-03-2020,23.71
19-03-2020,22.48
20-03-2020,24.91
21-03-2020,25.73
22-03-2020,24.72
23-03-2020,28.0
24-03-2020,23.48
25-03-2020,25.96
26-03-2020,24.27
27-03-2020,25.73
28-03-2020,23.77
29-03-2020,27.83
30-03-2020,26.12
31-03-2020,28.33
01-04-2020,23.58
02-04-2020,25.29
03-04-2020,24.66
04-04-2020,25.55
05-04-2020,25.39
06-04-2020,26.7
07-04-2020,27.07
08-04-2020,27.19
09-04-2020,26.32
10-04-2020,27.97
11-04-2020,29.51
12-04-2020,26.11
13-04-2020,28.07
14-04-2020,28.08
15-04-2020,29.32
16-04-2020,28.41
17-04-2020,28.66
18-04-2020,26.86
19-04-2020,29.04
20-04-2020,27.3
21-04-2020,30.32
22-04-2020,29.23
23-04-2020,29.66
24-04-2020,27.94
25-04-2020,31.47
26-04-2020,31.39
27-04-2020,31.86
28-04-2020,34.73
29-04-2020,30.31
30-04-2020,32.95
01-05-2020,30.42
02-05-2020,31.59
03-05-2020,31.66
04-05-2020,31.58
05-05-2020,32.49
06-05-2020,30.68
07-05-2020,31.49
08-05-2020,32.6
09-05-2020,35.13
10-05-2020,30.07
11-05-2020,28.25
12-05-2020,31.0
13-05-2020,32.25
14-05-2020,32.52
15-05-2020,32.46
16-05-2020,34.73
17-05-2020,34.41
18-05-2020,32.46
19-05-2020,31.7
20-05-2020,32.04
21-05-2020,32.1
22-05-2020,32.45
23-05-2020,29.83
24-05-2020,32.13
25-05-2020,32.28
26-05-2020,32.82
27-05-2020,32.76
28-05-2020,34.68
29-05-2020,32.33
30-05-2020,32.58
31-05-2020,34.6
01-06-2020,33.1
02-06-2020,34.05
03-06-2020,35.01
04-06-2020,34.56
05-06-2020,34.26
06-06-2020,33.41
07-06-2020,35.2
08-06-2020,34.22
09-06-2020,32.89
10-06-2020,33.63
11-06-2020,31.52
12-06-2020,32.06
13-06-2020,30.24
14-06-2020,32.66
15-06-2020,36.7
16-06-2020,32.93
17-06-2020,35.63
18-06-2020,34.05
19-06-2020,32.66
20-06-2020,36.74
21-06-2020,35.22
22-06-2020,30.55
23-06-2020,36.12
24-06-2020,31.88
25-06-2020,33.66
26-06-2020,35.33
27-06-2020,33.37
28-06-2020,36.19
29-06-2020,35.44
30-06-2020,30.74
01-07-2020,32.91
02-07-2020,34.39
03-07-2020,32.63
04-07-2020,33.31
05-07-2020,35.3
06-07-2020,34.28
07-07-2020,31.76
08-07-2020,33.9
09-07-2020,32.27
10-07-2020,31.0
11-07-2020,31.11
12-07-2020,33.88
13-07-2020,33.18
14-07-2020,33.18
15-07-2020,30.81
16-07-2020,32.66
17-07-2020,30.87
18-07-2020,31.01
19-07-2020,32.45
20-07-2020,29.93
21-07-2020,33.95
22-07-2020,37.49
23-07-2020,33.34
24-07-2020,30.25
25-07-2020,31.69
26-07-2020,29.02
27-07-2020,31.28
28-07-2020,32.94
29-07-2020,33.0
30-07-2020,29.65
31-07-2020,32.2
01-08-2020,33.8
02-08-2020,34.88
03-08-2020,29.85
04-08-2020,29.4
05-08-2020,31.11
06-08-2020,25.02
07-08-2020,29.69
08-08-2020,30.08
09-08-2020,29.57
10-08-2020,27.19
11-08-2020,29.74
12-08-2020,28.54
13-08-2020,31.47
14-08-2020,27.97
15-08-2020,29.11
16-08-2020,29.06
17-08-2020,30.52
18-08-2020,24.14
19-08-2020,28.41
20-08-2020,30.46
21-08-2020,28.06
22-08-2020,25.58
23-08-2020,29.13
24-08-2020,29.0
25-08-2020,27.63
26-08-2020,25.69
27-08-2020,26.37
28-08-2020,27.07
29-08-2020,25.78
30-08-2020,23.53
31-08-2020,25.67
01-09-2020,26.92
02-09-2020,25.87
03-09-2020,26.56
04-09-2020,26.72
05-09-2020,28.18
06-09-2020,30.62
07-09-2020,27.51
08-09-2020,23.07
09-09-2020,20.39
10-09-2020,25.35
11-09-2020,25.51
12-09-2020,22.87
13-09-2020,25.57
14-09-2020,23.32
15-09-2020,25.49
16-09-2020,23.86
17-09-2020,25.13
18-09-2020,20.68
19-09-2020,23.12
20-09-2020,23.53
21-09-2020,20.8
22-09-2020,27.24
23-09-2020,22.23
24-09-2020,25.92
25-09-2020,21.64
26-09-2020,22.33
27-09-2020,24.99
28-09-2020,23.06
29-09-2020,22.67
30-09-2020,22.65
01-10-2020,19.21
02-10-2020,21.0
03-10-2020,19.7
04-10-2020,21.84
05-10-2020,20.19
06-10-2020,21.03
07-10-2020,20.8
08-10-2020,20.72
09-10-2020,20.56
10-10-2020,19.16
11-10-2020,18.2
12-10-2020,18.82
13-10-2020,22.13
14-10-2020,20.58
15-10-2020,20.85
16-10-2020,22.28
17-10-2020,17.01
18-10-2020,20.24
19-10-2020,16.92
20-10-2020,18.25
21-10-2020,19.74
22-10-2020,21.86
23-10-2020,16.92
24-10-2020,18.15
25-10-2020,20.52
26-10-2020,15.08
27-10-2020,18.65
28-10-2020,17.18
29-10-2020,15.9
30-10-2020,17.82
31-10-2020,18.59
01-11-2020,15.45
02-11-2020,17.91
03-11-2020,17.37
04-11-2020,14.42
05-11-2020,19.89
06-11-2020,18.85
07-11-2020,14.83
08-11-2020,15.27
09-11-2020,17.87
10-11-2020,15.23
11-11-2020,12.44
12-11-2020,18.11
13-11-2020,15.93
14-11-2020,19.63
15-11-2020,16.43
16-11-2020,16.0
17-11-2020,21.28
18-11-2020,15.1
19-11-2020,13.45
20-11-2020,15.73
21-11-2020,17.46
22-11-2020,12.78
23-11-2020,13.22
24-11-2020,15.87
25-11-2020,8.5
26-11-2020,12.64
27-11-2020,16.35
28-11-2020,13.53
29-11-2020,11.39
30-11-2020,18.44
01-12-2020,11.71
02-12-2020,13.43
03-12-2020,13.69
04-12-2020,14.55
05-12-2020,13.61
06-12-2020,14.14
07-12-2020,14.39
08-12-2020,14.06
09-12-2020,14.39
10-12-2020,9.42
11-12-2020,15.04
12-12-2020,11.32
13-12-2020,9.78
14-12-2020,16.86
15-12-2020,11.51
16-12-2020,14.43
17-12-2020,12.52
18-12-2020,12.7
19-12-2020,15.03
20-12-2020,11.97
21-12-2020,14.81
22-12-2020,14.84
23-12-2020,16.41
24-12-2020,13.43
25-12-2020,16.21
26-12-2020,17.58
27-12-2020,17.33
28-12-2020,15.35
29-12-2020,15.11
30-12-2020,19.94
31-12-2020,18.74
01-01-2021,12.78
02-01-2021,16.2
03-01-2021,15.6
04-01-2021,14.58
05-01-2021,14.79
06-01-2021,15.51
07-01-2021,16.46
08-01-2021,15.07
09-01-2021,15.37
10-01-2021,17.54
11-01-2021,15.45
12-01-2021,15.97
13-01-2021,16.93
14-01-2021,18.29
15-01-2021,17.55
16-01-2021,15.93
17-01-2021,15.67
18-01-2021,12.89
19-01-2021,16.0
20-01-2021,13.43
21-01-2021,13.55
22-01-2021,16.99
23-01-2021,15.58
24-01-2021,16.82
25-01-2021,14.72
26-01-2021,18.48
27-01-2021,16.47
28-01-2021,18.67
29-01-2021,17.75
30-01-2021,16.84
31-01-2021,15.67
01-02-2021,16.8
02-02-2021,18.51
03-02-2021,18.37
04-02-2021,14.71
05-02-2021,19.27
06-02-2021,16.92
07-02-2021,19.11
08-02-2021,16.21
09-02-2021,19.02
10-02-2021,16.28
11-02-2021,18.27
12-02-2021,17.55
13-02-2021,17.71
14-02-2021,17.29
15-02-2021,18.26
16-02-2021,15.23
17-02-2021,20.61
18-02-2021,20.93
19-02-2021,18.27
20-02-2021,16.55
21-02-2021,18.16
22-02-2021,21.51
23-02-2021,21.02
24-02-2021,19.32
25-02-2021,21.87
26-02-2021,18.15
27-02-2021,19.17
28-02-2021,21.5
01-03-2021,20.53
02-03-2021,19.7
03-03-2021,16.02
04-03-2021,22.55
05-03-2021,22.02
06-03-2021,18.05
07-03-2021,22.91
08-03-2021,21.84
09-03-2021,22.6
10-03-2021,24.1
11-03-2021,20.9
12-03-2021,23.98
13-03-2021,24.09
14-03-2021,24.41
15-03-2021,26.33
16-03-2021,24.55
17-03-2021,22.28
18-03-2021,27.17
19-03-2021,21.53
20-03-2021,22.99
21-03-2021,22.16
22-03-2021,24.06
23-03-2021,26.6
24-03-2021,27.2
25-03-2021,25.7
26-03-2021,23.73
27-03-2021,24.01
28-03-2021,24.08
29-03-2021,27.37
30-03-2021,23.82
31-03-2021,27.53
01-04-2021,25.91
02-04-2021,26.48
03-04-2021,29.33
04-04-2021,25.52
05-04-2021,29.97
06-04-2021,23.99
07-04-2021,25.32
08-04-2021,23.98
09-04-2021,25.81
10-04-2021,28.63
11-04-2021,29.1
12-04-2021,28.4
13-04-2021,28.48
14-04-2021,25.76
15-04-2021,25.61
16-04-2021,29.02
17-04-2021,31.27
18-04-2021,27.99
19-04-2021,26.34
20-04-2021,25.96
21-04-2021,27.81
22-04-2021,32.48
23-04-2021,29.05
24-04-2021,27.54
25-04-2021,28.53
26-04-2021,28.93
27-04-2021,30.56
28-04-2021,28.85
29-04-2021,28.53
30-04-2021,30.06
01-05-2021,31.51
02-05-2021,32.14
03-05-2021,31.93
04-05-2021,30.04
05-05-2021,27.69
06-05-2021,29.61
07-05-2021,31.89
08-05-2021,28.77
09-05-2021,32.06
10-05-2021,30.49
11-05-2021,30.62
12-05-2021,34.13
13-05-2021,32.43
14-05-2021,34.84
15-05-2021,30.32
16-05-2021,34.56
17-05-2021,34.22
18-05-2021,26.5
19-05-2021,32.41
20-05-2021,35.76
21-05-2021,34.32
22-05-2021,31.96
23-05-2021,32.46
24-05-2021,30.4
25-05-2021,33.5
26-05-2021,29.57
27-05-2021,31.2
28-05-2021,35.53
29-05-2021,33.32
30-05-2021,32.7
31-05-2021,33.27
01-06-2021,39.03
02-06-2021,35.67
03-06-2021,32.1
04-06-2021,37.03
05-06-2021,33.57
06-06-2021,35.27
07-06-2021,32.66
08-06-2021,31.99
09-06-2021,35.51
10-06-2021,32.4
11-06-2021,32.4
12-06-2021,35.78
13-06-2021,31.69
14-06-2021,31.19
15-06-2021,35.14
16-06-2021,30.14
17-06-2021,32.57
18-06-2021,33.35
19-06-2021,31.4
20-06-2021,31.86
21-06-2021,35.42
22-06-2021,34.67
23-06-2021,32.19
24-06-2021,35.13
25-06-2021,37.1
26-06-2021,31.48
27-06-2021,34.15
28-06-2021,37.96
29-06-2021,35.2
30-06-2021,35.58
01-07-2021,33.52
02-07-2021,32.29
03-07-2021,36.14
04-07-2021,35.12
05-07-2021,33.67
06-07-2021,32.8
07-07-2021,30.19
08-07-2021,33.94
09-07-2021,32.19
10-07-2021,33.26
11-07-2021,34.81
12-07-2021,35.04
13-07-2021,34.78
14-07-2021,37.78
15-07-2021,35.53
16-07-2021,31.64
17-07-2021,31.42
18-07-2021,37.63
19-07-2021,31.57
20-07-2021,32.73
21-07-2021,36.22
22-07-2021,36.07
23-07-2021,32.44
24-07-2021,32.94
25-07-2021,29.09
26-07-2021,30.45
27-07-2021,31.43
28-07-2021,32.05
29-07-2021,31.31
30-07-2021,32.15
31-07-2021,36.12
01-08-2021,32.56
02-08-2021,32.13
03-08-2021,31.4
04-08-2021,30.93
05-08-2021,33.62
06-08-2021,29.05
07-08-2021,30.66
08-08-2021,28.59
09-08-2021,30.83
10-08-2021,30.76
11-08-2021,32.23
12-08-2021,32.65
13-08-2021,31.45
14-08-2021,33.23
15-08-2021,33.02
16-08-2021,30.33
17-08-2021,30.3
18-08-2021,25.54
19-08-2021,29.91
20-08-2021,29.11
21-08-2021,25.59
22-08-2021,27.95
23-08-2021,30.58
24-08-2021,26.03
25-08-2021,30.94
26-08-2021,29.15
27-08-2021,27.59
28-08-2021,27.6
29-08-2021,29.38
30-08-2021,24.7
31-08-2021,31.48
01-09-2021,25.61
02-09-2021,25.55
03-09-2021,29.35
04-09-2021,28.33
05-09-2021,29.23
06-09-2021,28.5
07-09-2021,27.0
08-09-2021,23.52
09-09-2021,24.96
10-09-2021,26.14
11-09-2021,25.53
12-09-2021,21.29
13-09-2021,27.32
14-09-2021,28.52
15-09-2021,27.81
16-09-2021,22.68
17-09-2021,25.41
18-09-2021,20.12
19-09-2021,27.58
20-09-2021,20.15
21-09-2021,24.67
22-09-2021,26.01
23-09-2021,26.09
24-09-2021,24.03
25-09-2021,20.32
26-09-2021,22.79
27-09-2021,22.29
28-09-2021,23.39
29-09-2021,24.46
30-09-2021,23.64
01-10-2021,26.39
02-10-2021,23.3
03-10-2021,21.03
04-10-2021,24.9
05-10-2021,20.85
06-10-2021,21.87
07-10-2021,21.51
08-10-2021,16.39
09-10-2021,21.37
10-10-2021,21.24
11-10-2021,20.08
12-10-2021,20.05
13-10-2021,17.61
14-10-2021,20.18
15-10-2021,22.87
16-10-2021,19.35
17-10-2021,18.51
18-10-2021,18.18
19-10-2021,23.28
20-10-2021,16.39
21-10-2021,20.64
22-10-2021,19.03
23-10-2021,22.5
24-10-2021,21.14
25-10-2021,18.2
26-10-2021,15.15
27-10-2021,20.95
28-10-2021,20.87
29-10-2021,15.61
30-10-2021,19.18
31-10-2021,15.96
01-11-2021,15.88
02-11-2021,14.08
03-11-2021,19.04
04-11-2021,17.6
05-11-2021,17.92
06-11-2021,19.72
07-11-2021,18.03
08-11-2021,17.75
09-11-2021,17.97
10-11-2021,14.23
11-11-2021,16.18
12-11-2021,13.73
13-11-2021,14.24
14-11-2021,15.76
15-11-2021,17.97
16-11-2021,19.86
17-11-2021,13.48
18-11-2021,15.91
19-11-2021,15.33
20-11-2021,16.44
21-11-2021,16.47
22-11-2021,15.95
23-11-2021,13.21
24-11-2021,15.86
25-11-2021,16.78
26-11-2021,13.9
27-11-2021,18.81
28-11-2021,14.32
29-11-2021,13.46
30-11-2021,15.27
01-12-2021,14.1
02-12-2021,11.83
03-12-2021,14.46
04-12-2021,17.65
05-12-2021,18.42
06-12-2021,13.24
07-12-2021,16.15
08-12-2021,14.57
09-12-2021,14.83
10-12-2021,16.77
11-12-2021,15.91
12-12-2021,14.49
13-12-2021,12.3
14-12-2021,11.89
15-12-2021,14.0
16-12-2021,14.76
17-12-2021,15.11
18-12-2021,15.66
19-12-2021,16.05
20-12-2021,9.28
21-12-2021,15.9
22-12-2021,12.0
23-12-2021,16.33
24-12-2021,14.79
25-12-2021,15.39
26-12-2021,13.06
27-12-2021,14.73
28-12-2021,10.45
29-12-2021,16.4
30-12-2021,13.58
31-12-2021,9.09
01-01-2022,16.47
02-01-2022,17.73
03-01-2022,12.67
04-01-2022,16.89
05-01-2022,13.01
06-01-2022,10.03
07-01-2022,13.9
08-01-2022,15.32
09-01-2022,14.99
10-01-2022,14.99
11-01-2022,15.44
12-01-2022,15.35
13-01-2022,14.55
14-01-2022,13.85
15-01-2022,14.6
16-01-2022,14.5
17-01-2022,14.68
18-01-2022,13.16
19-01-2022,14.36
20-01-2022,15.7
21-01-2022,16.24
22-01-2022,15.59
23-01-2022,15.44
24-01-2022,16.98
25-01-2022,17.64
26-01-2022,17.47
27-01-2022,12.71
28-01-2022,15.41
29-01-2022,17.84
30-01-2022,17.57
31-01-2022,18.01
01-02-2022,17.4
02-02-2022,15.18
03-02-2022,19.45
04-02-2022,14.41
05-02-2022,19.22
06-02-2022,17.35
07-02-2022,14.56
08-02-2022,16.85
09-02-2022,20.18
10-02-2022,16.73
11-02-2022,15.62
12-02-2022,17.6
13-02-2022,16.68
14-02-2022,15.96
15-02-2022,19.47
16-02-2022,20.34
17-02-2022,17.79
18-02-2022,20.08
19-02-2022,18.41
20-02-2022,19.14
21-02-2022,19.73
22-02-2022,22.63
23-02-2022,20.81
24-02-2022,17.95
25-02-2022,21.14
26-02-2022,19.82
27-02-2022,19.49
28-02-2022,18.91
01-03-2022,20.69
02-03-2022,20.79
03-03-2022,20.27
04-03-2022,18.45
05-03-2022,17.99
06-03-2022,21.82
07-03-2022,22.09
08-03-2022,26.27
09-03-2022,21.71
10-03-2022,24.28
11-03-2022,24.8
12-03-2022,22.46
13-03-2022,22.9
14-03-2022,22.06
15-03-2022,26.64
16-03-2022,20.24
17-03-2022,23.35
18-03-2022,26.37
19-03-2022,23.56
20-03-2022,22.81
21-03-2022,24.59
22-03-2022,25.35
23-03-2022,25.6
24-03-2022,25.2
25-03-2022,26.31
26-03-2022,26.87
27-03-2022,22.94
28-03-2022,24.56
29-03-2022,27.23
30-03-2022,26.64
31-03-2022,26.3
01-04-2022,27.35
02-04-2022,28.07
03-04-2022,24.62
04-04-2022,24.05
05-04-2022,24.36
06-04-2022,30.56
07-04-2022,24.89
08-04-2022,26.7
09-04-2022,26.96
10-04-2022,29.56
11-04-2022,24.18
12-04-2022,27.74
13-04-2022,30.4
14-04-2022,30.36
15-04-2022,29.11
16-04-2022,27.92
17-04-2022,32.11
18-04-2022,25.41
19-04-2022,30.87
20-04-2022,30.07
21-04-2022,30.39
22-04-2022,29.88
23-04-2022,29.91
24-04-2022,31.5
25-04-2022,27.48
26-04-2022,27.43
27-04-2022,30.39
28-04-2022,30.31
29-04-2022,30.66
30-04-2022,33.65
01-05-2022,29.44
02-05-2022,32.24
03-05-2022,31.63
04-05-2022,35.72
05-05-2022,28.31
06-05-2022,30.14
07-05-2022,30.44
08-05-2022,34.11
09-05-2022,29.95
10-05-2022,35.02
11-05-2022,35.01
12-05-2022,33.65
13-05-2022,32.9
14-05-2022,29.02
15-05-2022,32.6
16-05-2022,29.47
17-05-2022,31.7
18-05-2022,32.93
19-05-2022,32.0
20-05-2022,34.61
21-05-2022,32.53
22-05-2022,29.78
23-05-2022,30.84
24-05-2022,30.49
25-05-2022,32.48
26-05-2022,35.68
27-05-2022,34.27
28-05-2022,34.01
29-05-2022,30.82
30-05-2022,38.19
31-05-2022,33.46
01-06-2022,38.41
02-06-2022,31.89
03-06-2022,32.54
04-06-2022,38.93
05-06-2022,31.63
06-06-2022,34.66
07-06-2022,33.18
08-06-2022,32.27
09-06-2022,38.25
10-06-2022,31.95
11-06-2022,35.79
12-06-2022,36.23
13-06-2022,32.02
14-06-2022,30.27
15-06-2022,30.52
16-06-2022,32.49
17-06-2022,34.55
18-06-2022,34.78
19-06-2022,33.74
20-06-2022,33.91
21-06-2022,36.07
22-06-2022,35.65
23-06-2022,34.87
24-06-2022,32.87
25-06-2022,35.64
26-06-2022,34.43
27-06-2022,32.56
28-06-2022,32.88
29-06-2022,36.47
30-06-2022,37.67
01-07-2022,32.89
02-07-2022,29.76
03-07-2022,35.06
04-07-2022,32.04
05-07-2022,35.27
06-07-2022,33.01
07-07-2022,38.17
08-07-2022,33.89
09-07-2022,35.41
10-07-2022,31.12
11-07-2022,27.85
12-07-2022,33.7
13-07-2022,33.89
14-07-2022,34.74
15-07-2022,32.12
16-07-2022,30.58
17-07-2022,29.88
18-07-2022,34.11
19-07-2022,34.35
20-07-2022,31.09
21-07-2022,31.7
22-07-2022,31.21
23-07-2022,28.79
24-07-2022,32.89
25-07-2022,34.08
26-07-2022,31.85
27-07-2022,29.35
28-07-2022,31.69
29-07-2022,34.71
30-07-2022,36.14
31-07-2022,32.31
01-08-2022,30.08
02-08-2022,27.57
03-08-2022,28.33
04-08-2022,31.13
05-08-2022,31.64
06-08-2022,31.58
07-08-2022,30.41
08-08-2022,27.73
09-08-2022,27.53
10-08-2022,30.85
11-08-2022,28.77
12-08-2022,32.9
13-08-2022,27.23
14-08-2022,33.39
15-08-2022,28.54
16-08-2022,30.18
17-08-2022,30.03
18-08-2022,28.75
19-08-2022,25.27
20-08-2022,28.18
21-08-2022,32.04
22-08-2022,26.29
23-08-2022,25.01
24-08-2022,28.1
25-08-2022,27.56
26-08-2022,25.64
27-08-2022,26.57
28-08-2022,26.95
29-08-2022,26.93
30-08-2022,27.92
31-08-2022,28.85
01-09-2022,28.04
02-09-2022,27.79
03-09-2022,30.3
04-09-2022,28.97
05-09-2022,20.78
06-09-2022,25.72
07-09-2022,23.12
08-09-2022,24.73
09-09-2022,27.48
10-09-2022,25.37
11-09-2022,24.74
12-09-2022,28.06
13-09-2022,22.25
14-09-2022,24.9
15-09-2022,26.01
16-09-2022,24.79
17-09-2022,22.24
18-09-2022,24.35
19-09-2022,25.84
20-09-2022,24.77
21-09-2022,24.52
22-09-2022,24.33
23-09-2022,23.81
24-09-2022,20.89
25-09-2022,22.58
26-09-2022,23.89
27-09-2022,16.63
28-09-2022,24.2
29-09-2022,23.19
30-09-2022,20.18
01-10-2022,20.68
02-10-2022,21.6
03-10-2022,22.67
04-10-2022,20.92
05-10-2022,23.84
06-10-2022,22.17
07-10-2022,19.6
08-10-2022,20.07
09-10-2022,21.3
10-10-2022,22.14
11-10-2022,21.89
12-10-2022,20.17
13-10-2022,20.51
14-10-2022,20.0
15-10-2022,21.54
16-10-2022,17.76
17-10-2022,20.79
18-10-2022,15.73
19-10-2022,20.18
20-10-2022,19.64
21-10-2022,18.98
22-10-2022,14.57
23-10-2022,21.82
24-10-2022,20.34
25-10-2022,18.45
26-10-2022,19.18
27-10-2022,16.25
28-10-2022,19.01
29-10-2022,20.97
30-10-2022,15.36
31-10-2022,22.97
01-11-2022,16.59
02-11-2022,18.99
03-11-2022,15.55
04-11-2022,17.86
05-11-2022,14.41
06-11-2022,15.52
07-11-2022,16.27
08-11-2022,15.3
09-11-2022,16.02
10-11-2022,18.34
11-11-2022,13.73
12-11-2022,13.78
13-11-2022,16.17
14-11-2022,14.84
15-11-2022,13.86
16-11-2022,16.04
17-11-2022,14.55
18-11-2022,16.26
19-11-2022,15.42
20-11-2022,15.01
21-11-2022,15.2
22-11-2022,17.3
23-11-2022,17.8
24-11-2022,14.78
25-11-2022,12.97
26-11-2022,11.93
27-11-2022,10.42
28-11-2022,12.47
29-11-2022,13.06
30-11-2022,14.6
01-12-2022,10.88
02-12-2022,17.45
03-12-2022,16.67
04-12-2022,16.98
05-12-2022,13.42
06-12-2022,14.89
07-12-2022,12.47
08-12-2022,17.43
09-12-2022,11.87
10-12-2022,13.24
11-12-2022,17.08
12-12-2022,19.19
13-12-2022,14.01
14-12-2022,13.34
15-12-2022,9.14
16-12-2022,17.56
17-12-2022,14.75
18-12-2022,10.36
19-12-2022,15.86
20-12-2022,15.35
21-12-2022,13.41
22-12-2022,13.01
23-12-2022,15.59
24-12-2022,14.61
25-12-2022,15.13
26-12-2022,16.63
27-12-2022,16.58
28-12-2022,15.74
29-12-2022,15.41
30-12-2022,11.71
31-12-2022,12.07
01-01-2023,16.01
02-01-2023,15.71
03-01-2023,15.49
04-01-2023,16.18
05-01-2023,13.43
06-01-2023,15.72
07-01-2023,12.66
08-01-2023,14.82
09-01-2023,16.61
10-01-2023,13.46
11-01-2023,18.78
12-01-2023,17.21
13-01-2023,17.76
14-01-2023,14.66
15-01-2023,12.38
16-01-2023,13.84
17-01-2023,16.42
18-01-2023,14.84
19-01-2023,16.92
20-01-2023,15.87
21-01-2023,14.48
22-01-2023,17.62
23-01-2023,18.55
24-01-2023,14.47
25-01-2023,17.06
26-01-2023,16.45
27-01-2023,16.81
28-01-2023,16.14
29-01-2023,13.95
30-01-2023,19.39
31-01-2023,14.6
01-02-2023,15.06
02-02-2023,18.23
03-02-2023,17.4
04-02-2023,15.57
05-02-2023,15.97
06-02-2023,17.09
07-02-2023,16.67
08-02-2023,18.96
09-02-2023,15.47
10-02-2023,18.66
11-02-2023,21.13
12-02-2023,18.61
13-02-2023,16.57
14-02-2023,17.04
15-02-2023,18.72
16-02-2023,17.52
17-02-2023,21.39
18-02-2023,15.39
19-02-2023,22.49
20-02-2023,15.32
21-02-2023,19.44
22-02-2023,17.5
23-02-2023,21.47
24-02-2023,18.43
25-02-2023,17.87
26-02-2023,19.62
27-02-2023,19.63
28-02-2023,16.75
01-03-2023,21.69
02-03-2023,16.15
03-03-2023,23.46
04-03-2023,20.61
05-03-2023,23.34
06-03-2023,20.4
07-03-2023,20.18
08-03-2023,23.24
09-03-2023,20.93
10-03-2023,19.17
11-03-2023,22.26
12-03-2023,19.85
13-03-2023,22.75
14-03-2023,25.71
15-03-2023,25.05
16-03-2023,23.29
17-03-2023,23.13
18-03-2023,23.0
19-03-2023,22.53
20-03-2023,24.69
21-03-2023,23.83
22-03-2023,23.56
23-03-2023,25.03
24-03-2023,20.63
25-03-2023,28.75
26-03-2023,26.27
27-03-2023,22.39
28-03-2023,25.58
29-03-2023,23.26
30-03-2023,24.61
31-03-2023,24.07
01-04-2023,28.21
02-04-2023,22.36
03-04-2023,25.66
04-04-2023,23.24
05-04-2023,26.66
06-04-2023,26.23
07-04-2023,24.22
08-04-2023,30.08
09-04-2023,30.49
10-04-2023,26.39
11-04-2023,28.73
12-04-2023,27.55
13-04-2023,28.49
14-04-2023,31.23
15-04-2023,27.78
16-04-2023,32.06
17-04-2023,28.05
18-04-2023,28.6
19-04-2023,32.71
20-04-2023,29.64
21-04-2023,25.17
22-04-2023,29.83
23-04-2023,26.96
24-04-2023,26.35
25-04-2023,27.93
26-04-2023,30.61
27-04-2023,27.87
28-04-2023,27.43
29-04-2023,29.61
30-04-2023,31.31
01-05-2023,29.24
02-05-2023,28.15
03-05-2023,26.55
04-05-2023,29.46
05-05-2023,32.83
06-05-2023,33.27
07-05-2023,32.96
08-05-2023,31.15
09-05-2023,31.87
10-05-2023,34.26
11-05-2023,30.1
12-05-2023,32.68
13-05-2023,28.31
14-05-2023,33.52
15-05-2023,31.36
16-05-2023,30.05
17-05-2023,34.0
18-05-2023,30.33
19-05-2023,30.91
20-05-2023,35.81
21-05-2023,30.73
22-05-2023,31.59
23-05-2023,31.62
24-05-2023,34.64
25-05-2023,29.47
26-05-2023,35.72
27-05-2023,32.8
28-05-2023,32.72
29-05-2023,31.63
30-05-2023,33.19
31-05-2023,36.49
01-06-2023,34.03
02-06-2023,31.79
03-06-2023,33.02
04-06-2023,34.83
05-06-2023,33.98
06-06-2023,33.33
07-06-2023,35.1
08-06-2023,34.65
09-06-2023,31.81
10-06-2023,30.16
11-06-2023,35.02
12-06-2023,37.76
13-06-2023,32.43
14-06-2023,33.81
15-06-2023,36.82
16-06-2023,37.6
17-06-2023,34.26
18-06-2023,36.64
19-06-2023,35.65
20-06-2023,33.04
21-06-2023,30.11
22-06-2023,32.33
23-06-2023,34.88
24-06-2023,34.97
25-06-2023,33.11
26-06-2023,32.39
27-06-2023,30.88
28-06-2023,30.7
29-06-2023,33.79
30-06-2023,30.86
01-07-2023,33.95
02-07-2023,32.35
03-07-2023,33.06
04-07-2023,38.12
05-07-2023,33.93
06-07-2023,33.1
07-07-2023,33.39
08-07-2023,30.74
09-07-2023,36.32
10-07-2023,35.28
11-07-2023,32.46
12-07-2023,33.92
13-07-2023,32.05
14-07-2023,34.12
15-07-2023,30.58
16-07-2023,33.72
17-07-2023,36.12
18-07-2023,33.93
19-07-2023,31.78
20-07-2023,34.77
21-07-2023,36.69
22-07-2023,34.16
23-07-2023,32.8
24-07-2023,30.91
25-07-2023,33.29
26-07-2023,36.17
27-07-2023,28.19
28-07-2023,34.08
29-07-2023,32.31
30-07-2023,34.94
31-07-2023,31.54
01-08-2023,27.36
02-08-2023,35.56
03-08-2023,29.14
04-08-2023,32.94
05-08-2023,30.96
06-08-2023,31.02
07-08-2023,31.24
08-08-2023,29.75
09-08-2023,31.09
10-08-2023,31.2
11-08-2023,32.05
12-08-2023,30.57
13-08-2023,30.82
14-08-2023,32.7
15-08-2023,28.1
16-08-2023,29.9
17-08-2023,30.57
18-08-2023,31.54
19-08-2023,29.2
20-08-2023,29.38
21-08-2023,28.34
22-08-2023,31.36
23-08-2023,28.08
24-08-2023,29.94
25-08-2023,28.21
26-08-2023,28.32
27-08-2023,25.66
28-08-2023,28.06
29-08-2023,27.73
30-08-2023,24.66
31-08-2023,25.98
01-09-2023,26.39
02-09-2023,24.08
03-09-2023,24.54
04-09-2023,29.74
05-09-2023,24.58
06-09-2023,24.76
07-09-2023,23.51
08-09-2023,28.59
09-09-2023,27.8
10-09-2023,26.43
11-09-2023,25.8
12-09-2023,24.47
13-09-2023,24.72
14-09-2023,23.77
15-09-2023,26.26
16-09-2023,26.16
17-09-2023,26.43
18-09-2023,28.53
19-09-2023,25.67
20-09-2023,25.35
21-09-2023,25.92
22-09-2023,20.66
23-09-2023,23.58
24-09-2023,20.37
25-09-2023,26.38
26-09-2023,22.07
27-09-2023,26.43
28-09-2023,24.84
29-09-2023,21.44
30-09-2023,19.06
01-10-2023,19.96
02-10-2023,24.11
03-10-2023,21.23
04-10-2023,18.74
05-10-2023,21.09
06-10-2023,24.76
07-10-2023,24.42
08-10-2023,20.1
09-10-2023,21.49
10-10-2023,21.94
11-10-2023,17.6
12-10-2023,19.33
13-10-2023,19.43
14-10-2023,20.89
15-10-2023,18.9
16-10-2023,16.97
17-10-2023,20.26
18-10-2023,18.18
19-10-2023,16.85
20-10-2023,16.71
21-10-2023,18.57
22-10-2023,21.77
23-10-2023,18.37
24-10-2023,20.72
25-10-2023,13.94
26-10-2023,16.62
27-10-2023,15.64
28-10-2023,17.47
29-10-2023,19.42
30-10-2023,16.66
31-10-2023,15.13
01-11-2023,19.38
02-11-2023,15.84
03-11-2023,17.78
04-11-2023,15.78
05-11-2023,18.03
06-11-2023,16.11
07-11-2023,18.35
08-11-2023,17.88
09-11-2023,20.97
10-11-2023,16.26
11-11-2023,14.36
12-11-2023,13.88
13-11-2023,14.91
14-11-2023,16.75
15-11-2023,14.47
16-11-2023,18.84
17-11-2023,16.11
18-11-2023,13.67
19-11-2023,14.61
20-11-2023,14.17
21-11-2023,15.72
22-11-2023,13.23
23-11-2023,17.77
24-11-2023,14.42
25-11-2023,14.58
26-11-2023,16.83
27-11-2023,13.42
28-11-2023,14.85
29-11-2023,18.38
30-11-2023,15.55
01-12-2023,15.26
02-12-2023,13.67
03-12-2023,12.58
04-12-2023,18.02
05-12-2023,14.16
06-12-2023,18.23
07-12-2023,13.03
08-12-2023,16.87
09-12-2023,13.92
10-12-2023,15.13
11-12-2023,16.7
12-12-2023,15.13
13-12-2023,15.83
14-12-2023,11.08
15-12-2023,13.26
16-12-2023,18.26
17-12-2023,13.7
18-12-2023,14.79
19-12-2023,13.83
20-12-2023,12.91
21-12-2023,11.16
22-12-2023,11.87
23-12-2023,17.53
24-12-2023,14.02
25-12-2023,11.81
26-12-2023,12.4
27-12-2023,15.97
28-12-2023,12.35
29-12-2023,13.02
30-12-2023,12.07
31-12-2023,11.81
01-01-2024,17.7
02-01-2024,14.16
03-01-2024,13.84
04-01-2024,13.32
05-01-2024,16.0
06-01-2024,14.74
07-01-2024,15.26
08-01-2024,15.0
09-01-2024,14.07
10-01-2024,13.88
11-01-2024,11.44
12-01-2024,13.99
13-01-2024,19.37
14-01-2024,12.63
15-01-2024,15.2
16-01-2024,15.94
17-01-2024,17.73
18-01-2024,20.74
19-01-2024,14.72
20-01-2024,13.84
21-01-2024,17.81
22-01-2024,16.2
23-01-2024,19.88
24-01-2024,17.42
25-01-2024,14.73
26-01-2024,15.78
27-01-2024,17.12
28-01-2024,17.38
29-01-2024,14.22
30-01-2024,12.75
31-01-2024,13.51
01-02-2024,18.06
02-02-2024,16.64
03-02-2024,13.4
04-02-2024,16.09
05-02-2024,13.44
06-02-2024,16.91
07-02-2024,15.84
08-02-2024,16.58
09-02-2024,17.66
10-02-2024,18.33
11-02-2024,18.22
12-02-2024,20.82
13-02-2024,23.18
14-02-2024,20.22
15-02-2024,18.28
16-02-2024,20.31
17-02-2024,17.49
18-02-2024,17.44
19-02-2024,17.5
20-02-2024,19.98
21-02-2024,22.02
22-02-2024,24.15
23-02-2024,22.5
24-02-2024,21.41
25-02-2024,18.79
26-02-2024,20.48
27-02-2024,21.57
28-02-2024,20.4
29-02-2024,24.53
01-03-2024,19.33
02-03-2024,19.7
03-03-2024,22.06
04-03-2024,25.48
05-03-2024,18.0
06-03-2024,20.1
07-03-2024,24.54
08-03-2024,20.77
09-03-2024,26.42
10-03-2024,20.83
11-03-2024,24.78
12-03-2024,22.63
13-03-2024,23.9
14-03-2024,21.08
15-03-2024,20.11
16-03-2024,25.04
17-03-2024,22.61
18-03-2024,22.0
19-03-2024,21.8
20-03-2024,22.09
21-03-2024,27.06
22-03-2024,22.68
23-03-2024,23.61
24-03-2024,28.8
25-03-2024,24.17
26-03-2024,25.2
27-03-2024,26.12
28-03-2024,24.96
29-03-2024,24.35
30-03-2024,28.45
31-03-2024,26.7
01-04-2024,24.97
02-04-2024,23.63
03-04-2024,24.25
04-04-2024,24.68
05-04-2024,22.59
06-04-2024,29.41
07-04-2024,27.43
08-04-2024,28.46
09-04-2024,24.72
10-04-2024,26.74
11-04-2024,27.39
12-04-2024,28.19
13-04-2024,27.78
14-04-2024,25.86
15-04-2024,30.69
16-04-2024,30.08
17-04-2024,28.96
18-04-2024,31.03
19-04-2024,31.53
20-04-2024,32.05
21-04-2024,29.74
22-04-2024,28.93
23-04-2024,28.74
24-04-2024,31.63
25-04-2024,28.58
26-04-2024,28.3
27-04-2024,31.37
28-04-2024,31.44
29-04-2024,31.8
30-04-2024,28.96
01-05-2024,31.39
02-05-2024,32.75
03-05-2024,30.09
04-05-2024,30.63
05-05-2024,30.7
06-05-2024,34.45
07-05-2024,33.33
08-05-2024,28.96
09-05-2024,28.72
10-05-2024,33.17
11-05-2024,31.55
12-05-2024,33.15
13-05-2024,32.72
14-05-2024,34.31
15-05-2024,29.14
16-05-2024,31.39
17-05-2024,33.08
18-05-2024,33.14
19-05-2024,30.87
20-05-2024,31.8
21-05-2024,31.76
22-05-2024,33.11
23-05-2024,34.5
24-05-2024,32.62
25-05-2024,32.94
26-05-2024,29.13
27-05-2024,31.26
28-05-2024,37.16
29-05-2024,30.09
30-05-2024,36.3
31-05-2024,33.04
01-06-2024,29.76
02-06-2024,36.66
03-06-2024,36.36
04-06-2024,32.83
05-06-2024,35.61
06-06-2024,33.21
07-06-2024,34.06
08-06-2024,34.32
09-06-2024,33.56
10-06-2024,35.1
11-06-2024,34.85
12-06-2024,33.06
13-06-2024,34.71
14-06-2024,33.1
15-06-2024,34.42
16-06-2024,33.17
17-06-2024,34.37
18-06-2024,37.38
19-06-2024,32.87
20-06-2024,31.25
21-06-2024,37.36
22-06-2024,34.75
23-06-2024,32.86
24-06-2024,33.65
25-06-2024,32.3
26-06-2024,35.99
27-06-2024,35.52
28-06-2024,35.33
29-06-2024,34.48
30-06-2024,29.91
01-07-2024,31.6
02-07-2024,34.51
03-07-2024,28.59
04-07-2024,33.7
05-07-2024,31.77
06-07-2024,35.04
07-07-2024,33.33
08-07-2024,35.79
09-07-2024,34.29
10-07-2024,33.78
11-07-2024,31.55
12-07-2024,34.68
13-07-2024,38.12
14-07-2024,29.87
15-07-2024,31.17
16-07-2024,36.47
17-07-2024,34.09
18-07-2024,32.39
19-07-2024,34.47
20-07-2024,33.48
21-07-2024,31.43
22-07-2024,31.3
23-07-2024,34.26
24-07-2024,33.14
25-07-2024,34.51
26-07-2024,33.56
27-07-2024,30.92
28-07-2024,35.09
29-07-2024,30.09
30-07-2024,30.92
31-07-2024,30.15
01-08-2024,28.8
02-08-2024,32.73
03-08-2024,29.26
04-08-2024,29.88
05-08-2024,33.01
06-08-2024,32.73
07-08-2024,29.63
08-08-2024,28.13
09-08-2024,30.4
10-08-2024,27.28
11-08-2024,28.33
12-08-2024,29.43
13-08-2024,29.76
14-08-2024,28.82
15-08-2024,29.5
16-08-2024,32.41
17-08-2024,30.76
18-08-2024,32.11
19-08-2024,31.0
20-08-2024,29.52
21-08-2024,26.48
22-08-2024,26.08
23-08-2024,28.56
24-08-2024,27.63
25-08-2024,26.42
26-08-2024,28.95
27-08-2024,30.42
28-08-2024,27.68
29-08-2024,27.83
30-08-2024,26.4
31-08-2024,25.95
01-09-2024,31.11
02-09-2024,24.49
03-09-2024,26.51
04-09-2024,25.78
05-09-2024,26.28
06-09-2024,28.43
07-09-2024,28.15
08-09-2024,25.72
09-09-2024,28.08
10-09-2024,24.13
11-09-2024,26.2
12-09-2024,28.88
13-09-2024,23.99
14-09-2024,25.39
15-09-2024,27.8
16-09-2024,22.95
17-09-2024,24.59
18-09-2024,23.66
19-09-2024,21.88
20-09-2024,24.75
21-09-2024,22.08
22-09-2024,26.91
23-09-2024,23.47
24-09-2024,22.84
25-09-2024,23.17
26-09-2024,23.12
27-09-2024,22.35
28-09-2024,22.69
29-09-2024,21.26
30-09-2024,21.24
01-10-2024,23.12
02-10-2024,17.63
03-10-2024,20.13
04-10-2024,21.58
05-10-2024,22.08
06-10-2024,20.45
07-10-2024,21.34
08-10-2024,20.21
09-10-2024,17.02
10-10-2024,22.47
11-10-2024,20.96
12-10-2024,18.35
13-10-2024,23.06
14-10-2024,21.31
15-10-2024,18.55
16-10-2024,21.86
17-10-2024,20.57
18-10-2024,21.0
19-10-2024,17.99
20-10-2024,17.93
21-10-2024,17.25
22-10-2024,17.67
23-10-2024,13.98
24-10-2024,20.63
25-10-2024,15.96
26-10-2024,19.32
27-10-2024,15.45
28-10-2024,18.15
29-10-2024,15.39
30-10-2024,17.61
31-10-2024,14.32
01-11-2024,16.21
02-11-2024,18.59
03-11-2024,17.57
04-11-2024,17.36
05-11-2024,15.19
06-11-2024,12.39
07-11-2024,14.89
08-11-2024,15.54
09-11-2024,19.41
10-11-2024,17.48
11-11-2024,16.87
12-11-2024,14.97
13-11-2024,14.57
14-11-2024,17.21
15-11-2024,15.09
16-11-2024,15.07
17-11-2024,19.49
18-11-2024,13.6
19-11-2024,14.91
20-11-2024,14.89
21-11-2024,14.01
22-11-2024,12.41
23-11-2024,17.7
24-11-2024,12.26
25-11-2024,13.2
26-11-2024,15.46
27-11-2024,12.4
28-11-2024,14.51
29-11-2024,14.25
30-11-2024,14.23
01-12-2024,14.37
02-12-2024,11.78
03-12-2024,13.45
04-12-2024,17.08
05-12-2024,16.79
06-12-2024,13.27
07-12-2024,16.56
08-12-2024,12.48
09-12-2024,11.6
10-12-2024,10.26
11-12-2024,12.05
12-12-2024,15.17
13-12-2024,13.58
14-12-2024,17.54
15-12-2024,15.88
16-12-2024,13.48
17-12-2024,13.74
18-12-2024,13.75
19-12-2024,16.18
20-12-2024,13.41
21-12-2024,14.16
22-12-2024,12.72
23-12-2024,16.8
24-12-2024,13.52
25-12-2024,12.94
26-12-2024,11.21
27-12-2024,16.21
28-12-2024,13.12
29-12-2024,14.19
30-12-2024,13.54
31-12-2024,14.02
01-01-2025,10.47
02-01-2025,12.9
03-01-2025,12.34
04-01-2025,18.91
05-01-2025,17.29
06-01-2025,15.53
07-01-2025,19.68
08-01-2025,17.31
09-01-2025,12.12
10-01-2025,12.3
11-01-2025,15.47
12-01-2025,14.86
13-01-2025,15.49
14-01-2025,13.49
15-01-2025,18.91
16-01-2025,14.59
17-01-2025,17.61
18-01-2025,18.37
19-01-2025,14.37
20-01-2025,16.78
21-01-2025,18.9
22-01-2025,18.72
23-01-2025,17.41
24-01-2025,16.88
25-01-2025,16.26
26-01-2025,18.74
27-01-2025,17.47
28-01-2025,16.66
29-01-2025,15.57
30-01-2025,13.93
31-01-2025,16.4
01-02-2025,20.59
02-02-2025,16.01
03-02-2025,15.81
04-02-2025,16.74
05-02-2025,16.92
06-02-2025,16.35
07-02-2025,18.88
08-02-2025,18.38
09-02-2025,20.23
10-02-2025,19.2
11-02-2025,18.5
12-02-2025,14.06
13-02-2025,18.8
14-02-2025,17.24
15-02-2025,20.84
16-02-2025,18.98
17-02-2025,17.45
18-02-2025,18.04
19-02-2025,16.87
20-02-2025,18.33
21-02-2025,20.21
22-02-2025,22.09
23-02-2025,20.92
24-02-2025,21.66
25-02-2025,21.98
26-02-2025,19.71
27-02-2025,23.42
28-02-2025,17.97
01-03-2025,21.08
02-03-2025,19.95
03-03-2025,17.23
04-03-2025,24.65
05-03-2025,17.5
06-03-2025,23.04
07-03-2025,25.41
08-03-2025,21.59
09-03-2025,21.93
10-03-2025,18.53
11-03-2025,22.0
12-03-2025,25.57
13-03-2025,21.79
14-03-2025,21.06
15-03-2025,18.55
16-03-2025,25.92
17-03-2025,24.35
18-03-2025,23.09
19-03-2025,25.95
20-03-2025,22.98
21-03-2025,23.54
22-03-2025,28.63
23-03-2025,22.76
24-03-2025,25.31
25-03-2025,25.34
26-03-2025,25.26
27-03-2025,25.25
28-03-2025,22.8
29-03-2025,25.31
30-03-2025,25.27
31-03-2025,24.58
01-04-2025,24.42
02-04-2025,24.26
03-04-2025,24.81
04-04-2025,27.41
05-04-2025,26.83
06-04-2025,30.24
07-04-2025,28.3
08-04-2025,26.07
09-04-2025,26.34
10-04-2025,27.24
11-04-2025,27.04
12-04-2025,27.91
13-04-2025,31.95
14-04-2025,27.92
15-04-2025,28.64
16-04-2025,26.15
17-04-2025,25.69
18-04-2025,28.57
19-04-2025,28.16
20-04-2025,29.55
21-04-2025,32.01
22-04-2025,28.42
23-04-2025,28.22
24-04-2025,31.69
25-04-2025,29.0
26-04-2025,30.13
27-04-2025,29.94
28-04-2025,34.05
29-04-2025,27.06
30-04-2025,28.92
01-05-2025,31.99
02-05-2025,33.14
03-05-2025,28.89
04-05-2025,33.43
05-05-2025,30.26
06-05-2025,29.87
07-05-2025,30.18
08-05-2025,32.27
09-05-2025,32.65
10-05-2025,30.04
11-05-2025,32.31
12-05-2025,31.24
13-05-2025,29.73
14-05-2025,35.6
15-05-2025,30.39
16-05-2025,32.63
17-05-2025,30.19
18-05-2025,31.75
19-05-2025,32.89
20-05-2025,33.12
21-05-2025,30.83
22-05-2025,32.73
23-05-2025,33.75
24-05-2025,36.09
25-05-2025,34.8
26-05-2025,35.42
27-05-2025,34.61
28-05-2025,32.08
29-05-2025,32.83
30-05-2025,35.36
31-05-2025,32.23
01-06-2025,31.42
02-06-2025,33.63
03-06-2025,30.13
04-06-2025,32.25
05-06-2025,31.59
06-06-2025,33.08
07-06-2025,36.57
08-06-2025,38.62
09-06-2025,35.21
10-06-2025,32.13
11-06-2025,35.54
12-06-2025,34.95
13-06-2025,32.93
14-06-2025,35.91
15-06-2025,33.2
16-06-2025,33.02
17-06-2025,34.31
18-06-2025,35.57
19-06-2025,33.47
20-06-2025,34.92
21-06-2025,30.55
22-06-2025,34.79
23-06-2025,33.24
24-06-2025,33.14
25-06-2025,29.13
26-06-2025,31.26
27-06-2025,30.65
28-06-2025,35.33
29-06-2025,32.25
30-06-2025,34.62
01-07-2025,35.36
02-07-2025,32.92
03-07-2025,31.92
04-07-2025,36.36
05-07-2025,34.42
06-07-2025,31.38
07-07-2025,34.76
08-07-2025,32.42
09-07-2025,34.63
10-07-2025,35.29
11-07-2025,31.95
12-07-2025,34.51
13-07-2025,27.44
14-07-2025,34.49
15-07-2025,29.4
16-07-2025,38.3
17-07-2025,33.88
18-07-2025,31.87
19-07-2025,35.28
20-07-2025,31.37
21-07-2025,33.09
22-07-2025,32.19
23-07-2025,32.67
24-07-2025,31.46
25-07-2025,33.36
26-07-2025,30.9
27-07-2025,32.51
28-07-2025,33.44
29-07-2025,30.88
30-07-2025,33.64
31-07-2025,32.83
01-08-2025,31.16
02-08-2025,30.6
03-08-2025,31.42
04-08-2025,30.49
05-08-2025,30.25
06-08-2025,30.89
07-08-2025,30.61
08-08-2025,31.12
09-08-2025,33.61
10-08-2025,32.47
11-08-2025,32.21
12-08-2025,31.41
13-08-2025,29.03
14-08-2025,27.98
15-08-2025,29.51
16-08-2025,32.19
17-08-2025,32.08
18-08-2025,26.62
19-08-2025,25.84
20-08-2025,32.59
21-08-2025,31.94
22-08-2025,27.68
23-08-2025,28.63
24-08-2025,28.73
25-08-2025,30.68
26-08-2025,27.34
27-08-2025,29.35
28-08-2025,28.55
29-08-2025,28.45
30-08-2025,29.79
31-08-2025,27.82
01-09-2025,24.8
02-09-2025,29.0
03-09-2025,26.06
04-09-2025,28.66
05-09-2025,27.23
06-09-2025,24.58
07-09-2025,26.87
08-09-2025,24.93
09-09-2025,26.57
10-09-2025,25.05
11-09-2025,27.71
12-09-2025,24.09
13-09-2025,24.61
14-09-2025,23.78
15-09-2025,23.42
16-09-2025,24.29
17-09-2025,25.09
18-09-2025,25.61
19-09-2025,24.42
20-09-2025,23.24
21-09-2025,20.86
22-09-2025,25.69
23-09-2025,22.61
24-09-2025,24.26
25-09-2025,21.16
26-09-2025,26.14
27-09-2025,24.33
28-09-2025,21.0
29-09-2025,23.3
30-09-2025,25.12
01-10-2025,21.91
02-10-2025,18.69
03-10-2025,22.84
04-10-2025,25.46
05-10-2025,18.4
06-10-2025,23.48
07-10-2025,20.8
08-10-2025,20.92
09-10-2025,21.32
10-10-2025,20.8
11-10-2025,22.34
12-10-2025,18.13
13-10-2025,20.12
14-10-2025,18.27
15-10-2025,18.96
16-10-2025,25.77
17-10-2025,17.98
18-10-2025,20.42
19-10-2025,19.98
20-10-2025,15.38
21-10-2025,16.78
22-10-2025,15.29
23-10-2025,18.47
24-10-2025,16.01
25-10-2025,16.7
26-10-2025,15.28
27-10-2025,19.56
28-10-2025,19.27
29-10-2025,20.92
30-10-2025,17.46
31-10-2025,19.15
01-11-2025,19.81
02-11-2025,21.61
03-11-2025,14.8
04-11-2025,15.55
05-11-2025,15.09
06-11-2025,14.16
07-11-2025,18.24
08-11-2025,18.16
09-11-2025,13.79
10-11-2025,14.31
11-11-2025,17.0
12-11-2025,15.28
13-11-2025,16.62
14-11-2025,15.72
15-11-2025,18.08
16-11-2025,18.12
17-11-2025,12.11
18-11-2025,18.39
19-11-2025,14.63
20-11-2025,13.24
21-11-2025,16.63
22-11-2025,13.38
23-11-2025,12.75
24-11-2025,14.5
25-11-2025,17.84
26-11-2025,11.41
27-11-2025,12.9
28-11-2025,11.53
29-11-2025,12.44
30-11-2025,14.5
01-12-2025,12.1
02-12-2025,15.3
03-12-2025,14.84
04-12-2025,16.03
05-12-2025,18.38
06-12-2025,12.52
07-12-2025,13.49
08-12-2025,13.21
09-12-2025,13.48
10-12-2025,15.16
11-12-2025,15.53
12-12-2025,13.29
13-12-2025,16.94
14-12-2025,13.72
15-12-2025,14.01
16-12-2025,12.45
17-12-2025,15.56
18-12-2025,15.71
19-12-2025,14.22
20-12-2025,9.9
21-12-2025,13.72
22-12-2025,15.4
23-12-2025,13.39
24-12-2025,14.04
25-12-2025,15.27
26-12-2025,10.63
27-12-2025,15.87
28-12-2025,10.52
29-12-2025,14.52
30-12-2025,15.51
31-12-2025,13.39
